Tarih,Açıklama,Tutar,Bakiye
02.05.2026,Migros - Haftalık Alışveriş,-485.90,12450.10
02.05.2026,Yemeksepeti - Akşam Yemeği,-89.50,12360.60
03.05.2026,Spotify Premium Abonelik,-49.99,12310.61
03.05.2026,Netflix Aylık Üyelik,-99.99,12210.62
04.05.2026,BİM Market - Market Alışverişi,-156.30,12054.32
04.05.2026,Shell Benzin İstasyonu,-650.00,11404.32
05.05.2026,Trendyol Sipariş #8834921,-349.90,11054.42
05.05.2026,Hepsiburada Elektronik,-1299.00,9755.42
06.05.2026,İstanbul Kart Yükleme,-200.00,9555.42
06.05.2026,Vodafone Fatura Ödemesi,-189.90,9365.52
07.05.2026,Maaş Ödemesi - ABC Teknoloji,28500.00,37865.52
07.05.2026,Starbucks Coffee,-78.50,37787.02
08.05.2026,Getir - Market Siparişi,-134.75,37652.27
08.05.2026,Uber Taksi,-67.80,37584.47
09.05.2026,Watt Elektrik Faturası,-342.15,37242.32
09.05.2026,İGDAŞ Doğalgaz Faturası,-287.60,36954.72
10.05.2026,Eczane - İlaç Alımı,-156.90,36797.82
10.05.2026,D&R Kitapevi,-89.90,36707.92
11.05.2026,A101 Market,-223.45,36484.47
11.05.2026,Dominos Pizza Sipariş,-124.90,36359.57
12.05.2026,Apple iCloud+ Depolama,-25.99,36333.58
12.05.2026,Freelance Proje Ödemesi,4500.00,40833.58
13.05.2026,Kira Transferi - Ev Sahibi,-7500.00,33333.58
13.05.2026,CarrefourSA - Haftalık Alışveriş,-567.80,32765.78
14.05.2026,Türk Telekom İnternet,-249.90,32515.88
14.05.2026,LC Waikiki - Giyim Alışverişi,-459.85,32055.03
15.05.2026,Cinemaximum Sinema Bileti,-120.00,31935.03
15.05.2026,Jolly Tur - Tatil Ön Ödemesi,-3750.00,28185.03
16.05.2026,Gratis - Kişisel Bakım,-198.50,27986.53
16.05.2026,Temettü Geliri - XYZ Holding,850.00,28836.53
